step,loss,val_loss,grad_norm,logits_max,n_masked,masked_ratio
0,11.115349769592285,11.081325340270997,6.146289032295425,2.120835304260254,39,0.1455223880597015
