step,loss,grad_norm,logits_max,n_masked,masked_ratio
0,13.16899299621582,6.439771448837044,2.062056064605713,193,0.14212076583210603
